frame,t,state,locked,false_lock,beacon_in_fov,beacon_occluded,beacon_az,beacon_el,cam_az,cam_el,los_az,los_el,err_deg,err_px,est_err_px,num_detections,proc_ms,render_ms
0,0.0,SEARCH,0,0,0,0,11.184469031606715,2.3641616532907164,0.0,0.0,0.0008002034860555623,-0.0006603601048796853,11.43095934784645,914.4767478277159,nan,0,3.26620000123512,14.6524000010686
1,0.03333333333333333,SEARCH,0,0,0,0,11.211569211024436,2.439277936084639,0.025111931183976817,0.004224510329277758,0.019598716560825454,0.004396163711202906,11.453770243652544,916.3016194922035,nan,0,2.5544999953126535,8.822100004181266
2,0.06666666666666667,SEARCH,0,0,0,0,11.238226776886984,2.514157860651418,0.06821580703198571,0.020043497334961902,0.07993007088752492,0.011733392891257726,11.435458608904284,914.8366887123428,nan,0,2.5088999973377213,10.174700000789016
3,0.1,SEARCH,0,0,0,0,11.264440676799307,2.588794171365955,0.12161501491971753,0.05266021113837907,0.13160356621423958,0.05329071935823852,11.417917493394455,913.4333994715563,nan,0,3.824200000963174,14.611400009016506
4,0.13333333333333333,SEARCH,0,0,0,0,11.290209875881523,2.6631796362085507,0.17734183098575845,0.10511479983378198,0.16924517875868575,0.10797144837851153,11.410738130279132,912.8590504223306,nan,0,2.650599999469705,9.46829999156762
5,0.16666666666666666,SEARCH,0,0,0,0,11.315533356809773,2.7373070474656713,0.2274876507416728,0.17833408382570837,0.2207873297668257,0.19436161107931946,11.382440902417349,910.5952721933878,nan,0,3.714199992828071,12.234000008902512
6,0.19999999999999998,SEARCH,0,0,0,0,11.340410119856395,2.811169222428348,0.2645422320264873,0.27123456309312527,0.28212317347122284,0.2773214603515498,11.344870852943822,907.5896682355058,nan,0,4.589099989971146,12.086700007785112
7,0.2333333333333333,SEARCH,0,0,0,0,11.364839182929375,2.8847590040881617,0.2817264058159635,0.3808819694256717,0.29212245035539847,0.3819409012526541,11.35205506926851,908.1644055414807,nan,0,4.219199996441603,13.173900006222539
8,0.26666666666666666,SEARCH,0,0,0,0,11.388819581611138,2.9580692618307314,0.2733033295706752,0.5027071389073652,0.2694324790402931,0.4931753505976028,11.389313918338232,911.1451134670585,nan,0,3.359700000146404,10.946800000965595
9,0.3,SEARCH,0,0,0,0,11.412350369196599,3.0310928921266496,0.23485443609704076,0.6307747223973759,0.21762391932586594,0.6307684827051385,11.44916842211259,915.9334737690072,nan,0,2.7070000069215894,10.289899990311824
10,0.3333333333333333,SEARCH,0,0,0,0,11.435430616730558,3.103822819219792,0.16350774753878097,0.7580983329086238,0.15989876801800554,0.7758943491543622,11.513334418537156,921.0667534829724,nan,0,2.67060000624042,11.56759999867063
11,0.36666666666666664,SEARCH,0,0,0,0,11.458059413044364,3.176251995812935,0.0581081401833269,0.8769932075216363,0.06876572601322514,0.8838820080816947,11.617700755747595,929.4160604598077,nan,0,2.6689000078476965,12.25960000010673
12,0.39999999999999997,SEARCH,0,0,0,0,11.48023586479188,3.248373403750614,-0.08067859394332132,0.9794553920398017,-0.06835677535179212,0.9847542575175867,11.768345831389103,941.4676665111282,nan,0,3.147199997329153,11.092200002167374
13,0.4333333333333333,SEARCH,0,0,0,0,11.501959096484768,3.3201800546991644,-0.2503335073742165,1.057554885015254,-0.2642515480045071,1.0655838375041333,11.980271993284747,958.4217594627797,nan,0,3.2875000033527613,14.979200001107529
14,0.4666666666666666,SEARCH,0,0,0,0,11.523228250527035,3.3916649908238674,-0.4465269681250005,1.1038291388955033,-0.4440940679196509,1.1119343527837027,12.18252745761778,974.6021966094224,nan,0,2.6442000089446083,11.704699994879775
15,0.49999999999999994,SEARCH,0,0,0,0,11.544042487248898,3.462821285463139,-0.6632358941979383,1.1116628312050822,-0.6454548295158692,1.1085776898379862,12.414761686917615,993.1809349534092,nan,0,2.7168999949935824,15.356599993538111
16,0.5333333333333333,SEARCH,0,0,0,0,11.564400984939933,3.5336420437997047,-0.8929329569047368,1.0756398940705085,-0.8875139398379613,1.0659031291212082,12.69408998884619,1015.5271991076952,nan,0,2.520199996070005,9.576099997502752
17,0.5666666666666667,SEARCH,0,0,0,0,11.584302939881507,3.604120403528685,-1.1268421942884304,0.9918544160573279,-1.1460641319248934,0.999642115171376,12.994058370557571,1039.5246696446056,nan,0,2.7467000036267564,11.807200004113838
18,0.6,SEARCH,0,0,0,0,11.60374756637852,3.6742495355225286,-1.3552528898693443,0.8581681797793231,-1.3553278338439414,0.8759788732311274,13.257750711492944,1060.6200569194355,nan,0,2.74100000387989,11.769599994295277
19,0.6333333333333333,SEARCH,0,0,0,0,11.622734096790408,3.744022644492735,-1.567881253096484,0.6744042294858851,-1.5666426931856365,0.6812728096421311,13.540313757769285,1083.2251006215429,nan,0,2.889399998821318,12.381599997752346
20,0.6666666666666666,SEARCH,0,0,0,0,11.641261781561465,3.8134329696482943,-1.7541971264380798,0.44316595785070717,-1.7481343401339873,0.4444795047786564,13.806729372017484,1104.5383497613989,nan,0,2.661999998963438,12.735099997371435
21,0.7,SEARCH,0,0,0,0,11.659329889250419,3.8824737853507894,-1.904584786223066,0.17295370940555915,-1.9171960172559206,0.17965527625979938,14.072417013480825,1125.793361078466,nan,0,2.656100012245588,12.334399987594225
22,0.7333333333333333,SEARCH,0,0,0,0,11.676937706559315,3.9511384017660856,-2.012262795120425,-0.12705444836595287,-2.020653730744597,-0.12770695217219571,14.291990435367824,1143.3592348294258,nan,0,2.7381000109016895,11.23429999279324
23,0.7666666666666666,SEARCH,0,0,0,0,11.694084538361675,4.019420165512556,-2.0729135790876945,-0.44752819129196525,-2.0767906197349086,-0.4431713022447848,14.475901534204432,1158.0721227363547,nan,0,2.977000011014752,11.264000000664964
24,0.7999999999999999,SEARCH,0,0,0,0,11.710769707729941,4.087312460305772,-2.0843211282706386,-0.779361563246589,-2.0724898102408753,-0.7898042031698703,14.620687736522003,1169.6550189217603,nan,0,2.559599990490824,11.374200010322966
25,0.8333333333333333,SEARCH,0,0,0,0,11.726992555962198,4.1548087075996,-2.0460307784738467,-1.1139364561297176,-2.040208890631398,-1.1234826450555262,14.744361473953449,1179.5489179162757,nan,0,2.680499994312413,10.108800008310936
26,0.8666666666666666,SEARCH,0,0,0,0,11.74275244260817,4.221902367223644,-1.9590380373785472,-1.4433000267702316,-1.975125638907726,-1.4467821569634742,14.842983638544265,1187.4386910835412,nan,0,2.7323999966029078,11.401199997635558
27,0.8999999999999999,SEARCH,0,0,0,0,11.758048745494522,4.288586938016963,-1.8255092106725428,-1.7602767904999859,-1.8304346108752405,-1.7586792162893234,14.873342188874577,1189.8673751099661,nan,0,2.467300000716932,9.80369999888353
28,0.9333333333333332,SEARCH,0,0,0,0,11.772880860749405,4.354855958458012,-1.6485340687877417,-2.0585313675989907,-1.6355023832240667,-2.0703873058577638,14.868372211607557,1189.4697769286047,nan,0,2.570600001490675,10.917500010691583
29,0.9666666666666666,SEARCH,0,0,0,0,11.787248202826309,4.420703007290753,-1.4319093318843414,-2.332594232013752,-1.430005046268594,-2.3302207438578253,14.841521315031413,1187.3217052025132,nan,0,3.2725999917602167,10.533199994824827
30,0.9999999999999999,SEARCH,0,0,0,0,11.801150204527165,4.48612170414684,-1.1799509465429887,-2.577860024695573,-1.1881450404427165,-2.566764098406093,14.780561190457211,1182.444895236577,nan,0,2.4548000073991716,9.558699995977804
31,1.0333333333333332,SEARCH,0,0,0,0,11.814586317024752,4.551105710163867,-0.897332736892238,-2.7905658383348664,-0.9083074364197273,-2.780894113124488,14.684353811800403,1174.7483049440323,nan,0,2.546000003349036,10.008400000515394
32,1.0666666666666667,SEARCH,0,0,0,0,11.827556009884354,4.6156487285995755,-0.5889488795228519,-2.96775520561425,-0.5807994651026496,-2.9680387679288565,14.542338245228711,1163.387059618297,nan,0,2.656800003023818,11.127300007501617
33,1.1,SEARCH,0,0,0,0,11.840058771084706,4.679744505441996,-0.25979767518298413,-3.1072322180508385,-0.24864000352161575,-3.118783984204626,14.385884910807482,1150.8707928645986,nan,0,3.2167999888770282,13.317600009031594
34,1.1333333333333335,SEARCH,0,0,0,0,11.852094107038205,4.743386830015439,0.08511579392403812,-3.2075091833902802,0.07108332269329476,-3.213976582890214,14.216604643370392,1137.3283714696315,nan,0,2.5674999924376607,9.123299998464063
35,1.166666666666667,SEARCH,0,0,0,0,11.863661542610394,4.806569535582285,0.44086036626879677,-3.267750432718006,0.43051660151401294,-3.2583475993309223,13.99141492620151,1119.313194096121,nan,0,3.5595999943325296,14.897300003212877
36,1.2000000000000004,SEARCH,0,0,0,0,11.874760621138723,4.869286499940527,0.802644917952815,-3.2877142651259024,0.8150866241766598,-3.2870610351708613,13.741993815767653,1099.3595052614123,nan,0,2.511899991077371,9.05560000683181
37,1.2333333333333338,SEARCH,0,0,0,0,11.885390904450574,4.931531646016994,1.165871753735484,-3.2676945301731024,1.1788824743377015,-3.284373717615376,13.495570521776438,1079.645641742115,nan,0,2.577999999630265,10.229499996057712
38,1.2666666666666673,SEARCH,0,0,0,0,11.895551972880568,4.993298942456194,1.526178939098398,-3.2084629671914224,1.5154363406756965,-3.20803473911128,13.229084423888036,1058.326753911043,nan,0,2.6729999954113737,11.57210000383202
39,1.3000000000000007,SEARCH,0,0,0,0,11.90524342528712,5.054582404204735,1.8794730580309846,-3.111213122847373,1.8599929846899,-3.102450409631021,12.94002475810274,1035.2019806482194,nan,0,2.8270000038901344,11.154099993291311
40,1.3333333333333341,SEARCH,0,0,0,0,11.914464879068282,5.115376093091262,2.221953712209056,-2.9775064364001165,2.225351894427858,-2.9690344326348272,12.618898683228993,1009.5118946583195,nan,0,2.440199998090975,9.610099994461052
41,1.3666666666666676,SEARCH,0,0,0,0,11.923215970176852,5.17567411840184,2.550130922946734,-2.809220901765928,2.568115854776865,-2.816020387993767,12.30386440321538,984.3091522572304,nan,0,2.405099992756732,20.40300000226125
42,1.400000000000001,SEARCH,0,0,0,0,11.931496353134735,5.23547063745075,2.8608364580189067,-2.608502575798996,2.866945265923006,-2.6229107990748193,11.996676423685061,959.7341138948049,nan,0,2.7273999876342714,12.869100013631396
43,1.4333333333333345,SEARCH,0,0,0,0,11.939305701046589,5.294759856146625,3.151229980747735,-2.377720094459814,3.1378928466811273,-2.3706345856469153,11.671466924995713,933.7173539996569,nan,0,2.5639999948907644,10.440600002766587
44,1.466666666666668,SEARCH,0,0,0,0,11.946643705612733,5.353536029553878,3.4188008077785303,-2.1194222759407166,3.407043100561593,-2.1165398271333307,11.345783877654771,907.6627102123816,nan,0,2.3304999922402203,10.79570000001695
45,1.5000000000000013,SEARCH,0,0,0,0,11.953510077141306,5.411793462449371,3.661365963674821,-1.836298826973384,3.669554397899971,-1.83365189818213,11.005471374254322,880.4377099403458,nan,0,2.5170000008074567,10.48840000294149
46,1.5333333333333348,SEARCH,0,0,0,0,11.959904544559725,5.469526509874258,3.8770651336872097,-1.5311441212119994,3.8813236678357184,-1.5293111331945626,10.688648059310774,855.0918447448619,nan,0,2.194699991378002,9.45030000002589
47,1.5666666666666682,SEARCH,0,0,0,0,11.965826855425362,5.526729577680972,4.064353039635442,-1.206823983420093,4.063140360131463,-1.2097545775890248,10.384251182300257,830.7400945840207,nan,0,2.502000003005378,10.759800003143027
48,1.6000000000000016,SEARCH,0,0,0,0,11.971276775935522,5.583397123075273,4.221989696669912,-0.8662453875464243,4.216124958074237,-0.8559795443877386,10.08007696317564,806.4061570540512,nan,0,2.7006000018445775,11.390300001949072
49,1.633333333333335,SEARCH,0,0,0,0,11.976254090936678,5.639523655153328,4.349028949700872,-0.5123289585700577,4.360436575097025,-0.5079517325720915,9.787345405024789,782.9876324019831,nan,0,2.7454999944893643,11.285700005828403
50,1.6666666666666685,SEARCH,0,0,0,0,11.980758603932955,5.695103735433765,4.444805636539826,-0.14798415558119887,4.450227135548447,-0.15899374296497237,9.538310200602819,763.0648160482255,nan,0,3.737799997907132,12.805200007278472
51,1.700000000000002,SEARCH,0,0,0,0,11.984790137093894,5.750131978384643,4.5089216794183535,0.22391299435599193,4.502618852078791,0.21915380154142344,9.304547637097706,744.3638109678164,nan,0,2.6657999987946823,12.262000003829598
52,1.7333333333333354,SEARCH,0,0,0,0,11.988348531261467,5.804603051945292,4.541231366756193,0.6005397464633648,4.529569803445939,0.6099169011262683,9.089452366123297,727.1561892898637,nan,0,2.696800002013333,9.308900000178255
53,1.7666666666666688,SEARCH,0,0,0,0,11.991433645956368,5.858511678042969,4.541826052150908,0.9791442093246144,4.552120672694322,0.9688689141826353,8.902358332055428,712.1886665644344,nan,0,2.314099998329766,10.203199999523349
54,1.8000000000000023,SEARCH,0,0,0,0,11.994045359383549,5.911852633104301,4.5110184669451545,1.3570607732309132,4.528199893415154,1.3373816939466425,8.75583422038807,700.4667376310456,nan,0,2.2518000041600317,10.622800007695332
55,1.8333333333333357,SEARCH,0,0,0,0,11.996183568437036,5.964620748561411,4.449326815857443,1.7317235304830183,4.457040163494395,1.7170619982238284,8.65334840497362,692.2678723978895,nan,0,2.528500001062639,11.993799998890609
56,1.8666666666666691,SEARCH,0,0,0,0,11.997848188704,6.016810911352752,4.3574588015682,2.1006778194332796,4.346311990494803,2.09597683945871,8.597612808904042,687.8090247123234,nan,0,3.112000005785376,12.112599986721762
57,1.9000000000000026,SEARCH,0,0,0,0,11.999039154468077,6.068418064418542,4.236295703424053,2.461590020319029,4.2341745037812215,2.4622334574232907,8.56140703758534,684.9125630068272,nan,0,2.4683000083314255,11.379999996279366
58,1.933333333333336,SEARCH,0,0,0,0,11.999756418711984,6.119437207190773,4.086876617201494,2.812255726618422,4.101027958224787,2.809142310752363,8.564342566355963,685.147405308477,nan,0,2.340899998671375,12.101299987989478
59,1.9666666666666694,SEARCH,0,0,0,0,11.999999953119353,6.169863396077754,3.9103829468444053,3.1506064109381895,3.91341325531647,3.1455556248728156,8.633615807762881,690.6892646210306,nan,0,2.4262000079033896,9.069899999303743
60,2.0000000000000027,ACQUIRING,0,0,0,0,11.999769748075865,6.2196917449431295,3.708123224987183,3.4747146994654328,3.6947443701474354,3.483873353905046,8.744035040916605,699.5228032733285,798.4062976660022,1,2.882000000681728,9.898600008455105
61,2.033333333333336,ACQUIRING,0,0,0,0,11.99906581266962,6.268917425579327,3.4533968980316696,3.709934099103787,3.4507648618397915,3.719808553076777,8.920280555555939,713.6224444444751,803.4272872142401,1,3.093599996645935,10.746600004495122
62,2.066666666666669,ACQUIRING,0,0,0,0,11.99788817469078,6.317535668175401,3.1816531220693607,3.8562646098532527,3.1998440654292644,3.8602473294175303,9.134760321338852,730.7808257071082,809.3690909617686,1,3.3567000064067543,10.85929998953361
63,2.1000000000000023,ACQUIRING,0,0,0,0,11.99623688063048,6.365541761779203,2.9359872333752146,3.9672579103865395,2.9532703687787847,3.95839535825084,9.357862851233222,748.6290280986576,814.5602653594016,1,2.9276000132085755,10.188499989453703
64,2.1333333333333355,ACQUIRING,0,0,0,0,11.994111995678981,6.412931054753867,2.720409974258134,4.068997024496467,2.7213426276362207,4.073005432287911,9.563446223594548,765.0756978875638,818.6364168563925,1,5.193499993765727,14.62570000148844
65,2.1666666666666687,ACQUIRING,0,0,0,0,11.9915136037231,6.459698955228535,2.5390480300982383,4.146851954785496,2.537473943669873,4.150610850515821,9.7319450147021,778.5556011761681,823.1295078893096,1,3.150899996398948,10.948099996312521
66,2.200000000000002,ACQUIRING,0,0,0,0,11.988441807342905,6.50584093154329,2.3786889461980305,4.211914482923146,2.383516396483125,4.206340151899426,9.876350337233013,790.108026978641,827.8179152221361,0,3.423699992708862,13.164400006644428
67,2.233333333333335,ACQUIRING,0,0,0,0,11.984896727807657,6.551352512688268,2.234182680489604,4.269072237033563,2.2449893238605116,4.261598671203691,10.005436966572613,800.434957325809,831.4943756483863,1,3.19580000359565,7.792999997036532
68,2.2666666666666684,ACQUIRING,0,0,0,0,11.980878505071026,6.596229288736875,2.1090207240108514,4.320083795807984,2.1059847732652237,4.31669244300298,10.134585065285897,810.7668052228718,833.470505742698,1,4.634400000213645,13.162800009013154
69,2.3000000000000016,ACQUIRING,0,0,0,0,11.976387297765562,6.640466911273106,2.007925236835372,4.367959692145369,1.9893225985308292,4.377099855609287,10.240326739678029,819.2261391742423,836.3744947136827,1,3.211400005966425,11.139700000057928
70,2.333333333333335,ACQUIRING,0,0,0,0,11.971423283196444,6.68406109381288,1.9189323435666892,4.408499154808604,1.913620167505318,4.410131795768985,10.311651563474618,824.9321250779694,839.8408155190658,1,3.3816999930422753,12.38250000460539
71,2.366666666666668,ACQUIRING,0,0,0,0,11.965986657334465,6.727007612219396,1.8364123181529364,4.445188259696516,1.8441860258466867,4.440151750237907,10.376924291767068,830.1539433413656,843.5450869114603,1,3.5127000010106713,11.790900010964833
72,2.4000000000000012,ACQUIRING,0,0,0,0,11.960077634808306,6.7693023051124355,1.7582898989166662,4.477963513685018,1.7596365026374474,4.464169276940163,10.457659277699468,836.6127422159575,846.9345248536296,1,4.2034000070998445,9.987199999159202
73,2.4333333333333345,ACQUIRING,0,0,0,0,11.953696448896057,6.810941074271584,1.684632492474063,4.514708624837731,1.6808312203599882,4.524025326916333,10.524340532269319,841.9472425815455,850.4904694808988,1,4.033100005472079,17.03299999644514
74,2.4666666666666677,ACQUIRING,0,0,0,0,11.94684335151601,6.851919885033342,1.6149072915151734,4.545787856673312,1.623643906393892,4.554504168224464,10.575753673361065,846.0602938688851,855.1087311454293,1,3.6389000015333295,11.927300001843832
